Id,y
2000,1.0
2001,2.0
2002,2.0
2003,2.0
2004,2.0
2005,0.0
2006,1.0
2007,1.0
2008,2.0
2009,2.0
2010,2.0
2011,2.0
2012,1.0
2013,2.0
2014,0.0
2015,0.0
2016,2.0
2017,0.0
2018,2.0
2019,1.0
2020,2.0
2021,1.0
2022,2.0
2023,0.0
2024,1.0
2025,2.0
2026,1.0
2027,2.0
2028,0.0
2029,2.0
2030,0.0
2031,0.0
2032,0.0
2033,0.0
2034,2.0
2035,0.0
2036,2.0
2037,0.0
2038,2.0
2039,0.0
2040,2.0
2041,2.0
2042,0.0
2043,0.0
2044,0.0
2045,2.0
2046,1.0
2047,1.0
2048,0.0
2049,1.0
2050,1.0
2051,2.0
2052,2.0
2053,1.0
2054,2.0
2055,0.0
2056,0.0
2057,1.0
2058,1.0
2059,2.0
2060,2.0
2061,1.0
2062,2.0
2063,2.0
2064,0.0
2065,1.0
2066,1.0
2067,0.0
2068,1.0
2069,0.0
2070,0.0
2071,1.0
2072,1.0
2073,1.0
2074,1.0
2075,1.0
2076,0.0
2077,0.0
2078,2.0
2079,1.0
2080,0.0
2081,0.0
2082,0.0
2083,2.0
2084,2.0
2085,1.0
2086,2.0
2087,0.0
2088,2.0
2089,1.0
2090,1.0
2091,0.0
2092,1.0
2093,2.0
2094,1.0
2095,1.0
2096,0.0
2097,1.0
2098,1.0
2099,0.0
2100,2.0
2101,2.0
2102,2.0
2103,2.0
2104,1.0
2105,1.0
2106,2.0
2107,0.0
2108,0.0
2109,0.0
2110,0.0
2111,0.0
2112,1.0
2113,0.0
2114,1.0
2115,0.0
2116,1.0
2117,1.0
2118,1.0
2119,1.0
2120,1.0
2121,1.0
2122,1.0
2123,1.0
2124,0.0
2125,1.0
2126,1.0
2127,2.0
2128,1.0
2129,1.0
2130,0.0
2131,1.0
2132,2.0
2133,0.0
2134,1.0
2135,0.0
2136,0.0
2137,1.0
2138,2.0
2139,1.0
2140,2.0
2141,1.0
2142,0.0
2143,0.0
2144,2.0
2145,2.0
2146,2.0
2147,1.0
2148,1.0
2149,0.0
2150,0.0
2151,1.0
2152,2.0
2153,0.0
2154,1.0
2155,1.0
2156,1.0
2157,1.0
2158,2.0
2159,1.0
2160,0.0
2161,0.0
2162,1.0
2163,0.0
2164,2.0
2165,0.0
2166,1.0
2167,1.0
2168,2.0
2169,0.0
2170,0.0
2171,0.0
2172,1.0
2173,2.0
2174,0.0
2175,0.0
2176,0.0
2177,0.0
2178,1.0
2179,1.0
2180,0.0
2181,1.0
2182,2.0
2183,2.0
2184,1.0
2185,0.0
2186,0.0
2187,0.0
2188,1.0
2189,2.0
2190,1.0
2191,2.0
2192,1.0
2193,0.0
2194,0.0
2195,2.0
2196,0.0
2197,2.0
2198,1.0
2199,0.0
2200,1.0
2201,1.0
2202,1.0
2203,2.0
2204,1.0
2205,1.0
2206,0.0
2207,0.0
2208,0.0
2209,1.0
2210,2.0
2211,1.0
2212,1.0
2213,0.0
2214,1.0
2215,0.0
2216,2.0
2217,2.0
2218,0.0
2219,0.0
2220,1.0
2221,1.0
2222,0.0
2223,1.0
2224,0.0
2225,2.0
2226,1.0
2227,2.0
2228,0.0
2229,1.0
2230,1.0
2231,1.0
2232,2.0
2233,0.0
2234,1.0
2235,2.0
2236,0.0
2237,1.0
2238,0.0
2239,1.0
2240,1.0
2241,2.0
2242,2.0
2243,1.0
2244,2.0
2245,1.0
2246,2.0
2247,2.0
2248,1.0
2249,0.0
2250,2.0
2251,0.0
2252,0.0
2253,0.0
2254,0.0
2255,1.0
2256,1.0
2257,2.0
2258,2.0
2259,0.0
2260,1.0
2261,2.0
2262,1.0
2263,1.0
2264,2.0
2265,0.0
2266,2.0
2267,2.0
2268,0.0
2269,0.0
2270,2.0
2271,2.0
2272,2.0
2273,2.0
2274,2.0
2275,0.0
2276,1.0
2277,2.0
2278,1.0
2279,0.0
2280,2.0
2281,1.0
2282,0.0
2283,1.0
2284,0.0
2285,2.0
2286,2.0
2287,0.0
2288,2.0
2289,2.0
2290,0.0
2291,0.0
2292,2.0
2293,2.0
2294,2.0
2295,0.0
2296,0.0
2297,0.0
2298,0.0
2299,2.0
2300,2.0
2301,0.0
2302,0.0
2303,2.0
2304,1.0
2305,1.0
2306,2.0
2307,1.0
2308,1.0
2309,1.0
2310,1.0
2311,0.0
2312,0.0
2313,2.0
2314,0.0
2315,1.0
2316,1.0
2317,2.0
2318,0.0
2319,0.0
2320,0.0
2321,0.0
2322,0.0
2323,1.0
2324,0.0
2325,2.0
2326,2.0
2327,2.0
2328,0.0
2329,0.0
2330,1.0
2331,2.0
2332,0.0
2333,2.0
2334,0.0
2335,0.0
2336,2.0
2337,1.0
2338,2.0
2339,0.0
2340,1.0
2341,2.0
2342,1.0
2343,2.0
2344,1.0
2345,2.0
2346,0.0
2347,2.0
2348,0.0
2349,1.0
2350,2.0
2351,0.0
2352,2.0
2353,1.0
2354,1.0
2355,2.0
2356,2.0
2357,2.0
2358,2.0
2359,1.0
2360,2.0
2361,1.0
2362,0.0
2363,0.0
2364,1.0
2365,1.0
2366,0.0
2367,1.0
2368,0.0
2369,0.0
2370,0.0
2371,0.0
2372,2.0
2373,1.0
2374,2.0
2375,0.0
2376,2.0
2377,1.0
2378,1.0
2379,1.0
2380,2.0
2381,0.0
2382,0.0
2383,1.0
2384,1.0
2385,2.0
2386,2.0
2387,2.0
2388,1.0
2389,0.0
2390,1.0
2391,0.0
2392,1.0
2393,1.0
2394,0.0
2395,2.0
2396,0.0
2397,1.0
2398,0.0
2399,2.0
2400,2.0
2401,2.0
2402,0.0
2403,0.0
2404,1.0
2405,2.0
2406,0.0
2407,1.0
2408,1.0
2409,1.0
2410,0.0
2411,0.0
2412,2.0
2413,0.0
2414,2.0
2415,2.0
2416,0.0
2417,1.0
2418,0.0
2419,1.0
2420,2.0
2421,2.0
2422,1.0
2423,1.0
2424,0.0
2425,2.0
2426,1.0
2427,0.0
2428,1.0
2429,0.0
2430,1.0
2431,0.0
2432,0.0
2433,1.0
2434,1.0
2435,2.0
2436,2.0
2437,0.0
2438,1.0
2439,2.0
2440,0.0
2441,2.0
2442,1.0
2443,2.0
2444,1.0
2445,1.0
2446,0.0
2447,1.0
2448,0.0
2449,1.0
2450,2.0
2451,0.0
2452,2.0
2453,2.0
2454,0.0
2455,1.0
2456,2.0
2457,2.0
2458,2.0
2459,1.0
2460,0.0
2461,1.0
2462,2.0
2463,1.0
2464,0.0
2465,2.0
2466,0.0
2467,0.0
2468,0.0
2469,2.0
2470,2.0
2471,0.0
2472,1.0
2473,2.0
2474,0.0
2475,0.0
2476,2.0
2477,2.0
2478,2.0
2479,1.0
2480,2.0
2481,0.0
2482,0.0
2483,1.0
2484,0.0
2485,2.0
2486,1.0
2487,0.0
2488,0.0
2489,0.0
2490,2.0
2491,1.0
2492,2.0
2493,0.0
2494,2.0
2495,1.0
2496,1.0
2497,0.0
2498,1.0
2499,0.0
2500,0.0
2501,0.0
2502,0.0
2503,1.0
2504,0.0
2505,0.0
2506,2.0
2507,0.0
2508,2.0
2509,2.0
2510,2.0
2511,0.0
2512,0.0
2513,1.0
2514,2.0
2515,1.0
2516,1.0
2517,2.0
2518,0.0
2519,2.0
2520,1.0
2521,2.0
2522,0.0
2523,1.0
2524,0.0
2525,2.0
2526,1.0
2527,1.0
2528,0.0
2529,0.0
2530,2.0
2531,0.0
2532,2.0
2533,2.0
2534,0.0
2535,1.0
2536,2.0
2537,0.0
2538,2.0
2539,2.0
2540,2.0
2541,2.0
2542,2.0
2543,1.0
2544,2.0
2545,0.0
2546,2.0
2547,1.0
2548,2.0
2549,1.0
2550,0.0
2551,2.0
2552,0.0
2553,0.0
2554,0.0
2555,1.0
2556,1.0
2557,1.0
2558,1.0
2559,2.0
2560,1.0
2561,2.0
2562,2.0
2563,0.0
2564,1.0
2565,2.0
2566,1.0
2567,2.0
2568,2.0
2569,1.0
2570,1.0
2571,1.0
2572,0.0
2573,1.0
2574,2.0
2575,0.0
2576,2.0
2577,2.0
2578,1.0
2579,1.0
2580,0.0
2581,1.0
2582,2.0
2583,1.0
2584,0.0
2585,1.0
2586,0.0
2587,1.0
2588,2.0
2589,0.0
2590,1.0
2591,0.0
2592,0.0
2593,0.0
2594,0.0
2595,2.0
2596,2.0
2597,1.0
2598,1.0
2599,2.0
2600,0.0
2601,2.0
2602,2.0
2603,0.0
2604,1.0
2605,0.0
2606,1.0
2607,2.0
2608,0.0
2609,0.0
2610,1.0
2611,2.0
2612,0.0
2613,0.0
2614,0.0
2615,1.0
2616,2.0
2617,1.0
2618,1.0
2619,0.0
2620,2.0
2621,0.0
2622,2.0
2623,1.0
2624,0.0
2625,1.0
2626,0.0
2627,0.0
2628,1.0
2629,0.0
2630,2.0
2631,1.0
2632,1.0
2633,1.0
2634,0.0
2635,0.0
2636,1.0
2637,1.0
2638,2.0
2639,1.0
2640,2.0
2641,1.0
2642,0.0
2643,2.0
2644,0.0
2645,0.0
2646,1.0
2647,1.0
2648,1.0
2649,1.0
2650,0.0
2651,2.0
2652,1.0
2653,2.0
2654,0.0
2655,2.0
2656,2.0
2657,2.0
2658,1.0
2659,2.0
2660,0.0
2661,2.0
2662,2.0
2663,1.0
2664,2.0
2665,2.0
2666,0.0
2667,1.0
2668,1.0
2669,1.0
2670,2.0
2671,0.0
2672,1.0
2673,2.0
2674,2.0
2675,2.0
2676,1.0
2677,2.0
2678,2.0
2679,2.0
2680,1.0
2681,2.0
2682,1.0
2683,0.0
2684,0.0
2685,2.0
2686,1.0
2687,1.0
2688,2.0
2689,1.0
2690,1.0
2691,1.0
2692,2.0
2693,1.0
2694,1.0
2695,0.0
2696,1.0
2697,1.0
2698,0.0
2699,2.0
2700,0.0
2701,0.0
2702,2.0
2703,0.0
2704,1.0
2705,2.0
2706,1.0
2707,2.0
2708,2.0
2709,2.0
2710,0.0
2711,0.0
2712,0.0
2713,2.0
2714,1.0
2715,2.0
2716,1.0
2717,2.0
2718,2.0
2719,0.0
2720,2.0
2721,2.0
2722,0.0
2723,0.0
2724,2.0
2725,0.0
2726,1.0
2727,1.0
2728,2.0
2729,0.0
2730,0.0
2731,1.0
2732,2.0
2733,0.0
2734,1.0
2735,0.0
2736,1.0
2737,0.0
2738,0.0
2739,2.0
2740,0.0
2741,0.0
2742,1.0
2743,2.0
2744,0.0
2745,2.0
2746,2.0
2747,1.0
2748,0.0
2749,1.0
2750,2.0
2751,0.0
2752,2.0
2753,0.0
2754,1.0
2755,2.0
2756,0.0
2757,0.0
2758,0.0
2759,0.0
2760,2.0
2761,1.0
2762,1.0
2763,1.0
2764,2.0
2765,0.0
2766,0.0
2767,2.0
2768,1.0
2769,1.0
2770,1.0
2771,2.0
2772,2.0
2773,1.0
2774,0.0
2775,2.0
2776,0.0
2777,1.0
2778,0.0
2779,1.0
2780,2.0
2781,2.0
2782,1.0
2783,1.0
2784,1.0
2785,2.0
2786,1.0
2787,0.0
2788,2.0
2789,2.0
2790,1.0
2791,0.0
2792,0.0
2793,2.0
2794,2.0
2795,2.0
2796,0.0
2797,0.0
2798,0.0
2799,0.0
2800,2.0
2801,2.0
2802,2.0
2803,1.0
2804,0.0
2805,0.0
2806,1.0
2807,1.0
2808,0.0
2809,1.0
2810,2.0
2811,1.0
2812,0.0
2813,1.0
2814,0.0
2815,1.0
2816,2.0
2817,0.0
2818,0.0
2819,2.0
2820,1.0
2821,0.0
2822,0.0
2823,1.0
2824,2.0
2825,0.0
2826,1.0
2827,0.0
2828,2.0
2829,0.0
2830,0.0
2831,0.0
2832,1.0
2833,2.0
2834,1.0
2835,1.0
2836,1.0
2837,0.0
2838,1.0
2839,2.0
2840,0.0
2841,2.0
2842,2.0
2843,1.0
2844,0.0
2845,0.0
2846,1.0
2847,1.0
2848,0.0
2849,1.0
2850,2.0
2851,0.0
2852,2.0
2853,2.0
2854,2.0
2855,0.0
2856,1.0
2857,0.0
2858,1.0
2859,1.0
2860,0.0
2861,0.0
2862,1.0
2863,0.0
2864,0.0
2865,1.0
2866,0.0
2867,0.0
2868,2.0
2869,1.0
2870,2.0
2871,0.0
2872,2.0
2873,2.0
2874,1.0
2875,0.0
2876,1.0
2877,0.0
2878,2.0
2879,1.0
2880,0.0
2881,0.0
2882,1.0
2883,0.0
2884,0.0
2885,0.0
2886,0.0
2887,1.0
2888,1.0
2889,2.0
2890,0.0
2891,1.0
2892,1.0
2893,0.0
2894,1.0
2895,0.0
2896,2.0
2897,1.0
2898,0.0
2899,1.0
2900,0.0
2901,0.0
2902,2.0
2903,0.0
2904,2.0
2905,2.0
2906,1.0
2907,2.0
2908,2.0
2909,1.0
2910,2.0
2911,0.0
2912,2.0
2913,0.0
2914,0.0
2915,1.0
2916,1.0
2917,2.0
2918,2.0
2919,0.0
2920,1.0
2921,0.0
2922,2.0
2923,2.0
2924,2.0
2925,2.0
2926,2.0
2927,2.0
2928,2.0
2929,1.0
2930,2.0
2931,1.0
2932,2.0
2933,1.0
2934,1.0
2935,0.0
2936,2.0
2937,1.0
2938,0.0
2939,1.0
2940,0.0
2941,2.0
2942,2.0
2943,0.0
2944,2.0
2945,0.0
2946,0.0
2947,0.0
2948,2.0
2949,2.0
2950,0.0
2951,2.0
2952,2.0
2953,0.0
2954,1.0
2955,2.0
2956,1.0
2957,1.0
2958,0.0
2959,0.0
2960,0.0
2961,0.0
2962,2.0
2963,0.0
2964,2.0
2965,0.0
2966,0.0
2967,1.0
2968,0.0
2969,1.0
2970,2.0
2971,0.0
2972,0.0
2973,2.0
2974,2.0
2975,1.0
2976,1.0
2977,0.0
2978,2.0
2979,0.0
2980,2.0
2981,0.0
2982,1.0
2983,2.0
2984,0.0
2985,2.0
2986,2.0
2987,1.0
2988,1.0
2989,0.0
2990,2.0
2991,1.0
2992,0.0
2993,2.0
2994,0.0
2995,2.0
2996,0.0
2997,1.0
2998,1.0
2999,1.0
3000,0.0
3001,0.0
3002,1.0
3003,0.0
3004,2.0
3005,1.0
3006,2.0
3007,1.0
3008,1.0
3009,0.0
3010,2.0
3011,0.0
3012,1.0
3013,1.0
3014,2.0
3015,0.0
3016,0.0
3017,1.0
3018,0.0
3019,1.0
3020,0.0
3021,0.0
3022,0.0
3023,2.0
3024,0.0
3025,2.0
3026,2.0
3027,1.0
3028,0.0
3029,0.0
3030,2.0
3031,2.0
3032,2.0
3033,0.0
3034,2.0
3035,0.0
3036,2.0
3037,1.0
3038,1.0
3039,1.0
3040,1.0
3041,2.0
3042,2.0
3043,1.0
3044,1.0
3045,0.0
3046,0.0
3047,2.0
3048,0.0
3049,0.0
3050,2.0
3051,2.0
3052,1.0
3053,0.0
3054,1.0
3055,2.0
3056,0.0
3057,1.0
3058,1.0
3059,2.0
3060,1.0
3061,1.0
3062,0.0
3063,0.0
3064,0.0
3065,0.0
3066,1.0
3067,2.0
3068,2.0
3069,0.0
3070,2.0
3071,0.0
3072,2.0
3073,0.0
3074,2.0
3075,2.0
3076,2.0
3077,1.0
3078,2.0
3079,0.0
3080,0.0
3081,1.0
3082,2.0
3083,0.0
3084,2.0
3085,0.0
3086,0.0
3087,1.0
3088,2.0
3089,2.0
3090,0.0
3091,2.0
3092,0.0
3093,0.0
3094,2.0
3095,0.0
3096,0.0
3097,1.0
3098,0.0
3099,1.0
3100,0.0
3101,1.0
3102,2.0
3103,2.0
3104,2.0
3105,1.0
3106,1.0
3107,1.0
3108,2.0
3109,0.0
3110,2.0
3111,0.0
3112,0.0
3113,2.0
3114,2.0
3115,0.0
3116,0.0
3117,1.0
3118,2.0
3119,0.0
3120,0.0
3121,2.0
3122,2.0
3123,2.0
3124,0.0
3125,2.0
3126,0.0
3127,0.0
3128,1.0
3129,1.0
3130,2.0
3131,0.0
3132,2.0
3133,0.0
3134,0.0
3135,0.0
3136,1.0
3137,2.0
3138,1.0
3139,1.0
3140,1.0
3141,0.0
3142,0.0
3143,2.0
3144,2.0
3145,1.0
3146,2.0
3147,0.0
3148,0.0
3149,1.0
3150,1.0
3151,2.0
3152,1.0
3153,2.0
3154,1.0
3155,2.0
3156,0.0
3157,1.0
3158,1.0
3159,0.0
3160,0.0
3161,1.0
3162,2.0
3163,0.0
3164,1.0
3165,1.0
3166,0.0
3167,1.0
3168,0.0
3169,1.0
3170,2.0
3171,2.0
3172,2.0
3173,0.0
3174,2.0
3175,1.0
3176,1.0
3177,2.0
3178,0.0
3179,0.0
3180,2.0
3181,2.0
3182,2.0
3183,1.0
3184,0.0
3185,0.0
3186,0.0
3187,1.0
3188,1.0
3189,2.0
3190,2.0
3191,2.0
3192,2.0
3193,0.0
3194,1.0
3195,2.0
3196,2.0
3197,1.0
3198,0.0
3199,2.0
3200,2.0
3201,2.0
3202,1.0
3203,1.0
3204,2.0
3205,1.0
3206,0.0
3207,0.0
3208,0.0
3209,1.0
3210,0.0
3211,2.0
3212,2.0
3213,0.0
3214,2.0
3215,1.0
3216,1.0
3217,0.0
3218,2.0
3219,2.0
3220,0.0
3221,0.0
3222,2.0
3223,2.0
3224,1.0
3225,1.0
3226,2.0
3227,2.0
3228,2.0
3229,1.0
3230,0.0
3231,1.0
3232,2.0
3233,1.0
3234,2.0
3235,2.0
3236,2.0
3237,2.0
3238,1.0
3239,2.0
3240,2.0
3241,0.0
3242,1.0
3243,0.0
3244,1.0
3245,2.0
3246,2.0
3247,2.0
3248,2.0
3249,0.0
3250,1.0
3251,2.0
3252,1.0
3253,0.0
3254,1.0
3255,1.0
3256,0.0
3257,0.0
3258,1.0
3259,1.0
3260,0.0
3261,2.0
3262,2.0
3263,0.0
3264,2.0
3265,2.0
3266,2.0
3267,2.0
3268,1.0
3269,0.0
3270,0.0
3271,1.0
3272,1.0
3273,0.0
3274,0.0
3275,0.0
3276,1.0
3277,0.0
3278,2.0
3279,1.0
3280,1.0
3281,1.0
3282,2.0
3283,0.0
3284,0.0
3285,1.0
3286,2.0
3287,2.0
3288,1.0
3289,0.0
3290,1.0
3291,2.0
3292,0.0
3293,0.0
3294,0.0
3295,1.0
3296,2.0
3297,2.0
3298,2.0
3299,2.0
3300,0.0
3301,0.0
3302,0.0
3303,1.0
3304,2.0
3305,1.0
3306,1.0
3307,0.0
3308,1.0
3309,0.0
3310,1.0
3311,2.0
3312,0.0
3313,2.0
3314,2.0
3315,0.0
3316,1.0
3317,2.0
3318,1.0
3319,0.0
3320,0.0
3321,2.0
3322,2.0
3323,1.0
3324,0.0
3325,2.0
3326,0.0
3327,2.0
3328,1.0
3329,0.0
3330,1.0
3331,1.0
3332,1.0
3333,2.0
3334,1.0
3335,2.0
3336,0.0
3337,0.0
3338,1.0
3339,2.0
3340,0.0
3341,0.0
3342,1.0
3343,1.0
3344,2.0
3345,2.0
3346,1.0
3347,1.0
3348,1.0
3349,1.0
3350,2.0
3351,1.0
3352,0.0
3353,1.0
3354,0.0
3355,1.0
3356,1.0
3357,0.0
3358,0.0
3359,2.0
3360,0.0
3361,2.0
3362,0.0
3363,0.0
3364,0.0
3365,2.0
3366,1.0
3367,1.0
3368,2.0
3369,2.0
3370,1.0
3371,2.0
3372,2.0
3373,0.0
3374,2.0
3375,0.0
3376,1.0
3377,1.0
3378,1.0
3379,2.0
3380,1.0
3381,0.0
3382,0.0
3383,1.0
3384,1.0
3385,2.0
3386,2.0
3387,2.0
3388,2.0
3389,2.0
3390,0.0
3391,2.0
3392,1.0
3393,2.0
3394,2.0
3395,2.0
3396,1.0
3397,1.0
3398,0.0
3399,2.0
3400,2.0
3401,0.0
3402,2.0
3403,0.0
3404,2.0
3405,1.0
3406,0.0
3407,2.0
3408,2.0
3409,2.0
3410,1.0
3411,0.0
3412,2.0
3413,1.0
3414,0.0
3415,0.0
3416,2.0
3417,2.0
3418,1.0
3419,0.0
3420,2.0
3421,1.0
3422,0.0
3423,2.0
3424,0.0
3425,2.0
3426,2.0
3427,1.0
3428,0.0
3429,0.0
3430,1.0
3431,1.0
3432,1.0
3433,1.0
3434,0.0
3435,1.0
3436,0.0
3437,0.0
3438,0.0
3439,2.0
3440,0.0
3441,2.0
3442,0.0
3443,1.0
3444,2.0
3445,0.0
3446,1.0
3447,0.0
3448,2.0
3449,0.0
3450,0.0
3451,0.0
3452,2.0
3453,0.0
3454,2.0
3455,0.0
3456,0.0
3457,2.0
3458,0.0
3459,0.0
3460,2.0
3461,2.0
3462,0.0
3463,1.0
3464,1.0
3465,2.0
3466,1.0
3467,1.0
3468,2.0
3469,2.0
3470,1.0
3471,0.0
3472,2.0
3473,0.0
3474,2.0
3475,0.0
3476,2.0
3477,1.0
3478,2.0
3479,0.0
3480,2.0
3481,0.0
3482,0.0
3483,0.0
3484,2.0
3485,0.0
3486,0.0
3487,0.0
3488,2.0
3489,0.0
3490,1.0
3491,1.0
3492,2.0
3493,2.0
3494,1.0
3495,2.0
3496,2.0
3497,2.0
3498,2.0
3499,2.0
3500,0.0
3501,1.0
3502,0.0
3503,0.0
3504,1.0
3505,0.0
3506,2.0
3507,0.0
3508,0.0
3509,1.0
3510,0.0
3511,2.0
3512,0.0
3513,2.0
3514,0.0
3515,1.0
3516,2.0
3517,0.0
3518,2.0
3519,1.0
3520,0.0
3521,0.0
3522,1.0
3523,0.0
3524,1.0
3525,2.0
3526,1.0
3527,2.0
3528,2.0
3529,0.0
3530,1.0
3531,0.0
3532,0.0
3533,1.0
3534,1.0
3535,0.0
3536,0.0
3537,0.0
3538,0.0
3539,0.0
3540,1.0
3541,0.0
3542,2.0
3543,1.0
3544,1.0
3545,0.0
3546,1.0
3547,2.0
3548,0.0
3549,0.0
3550,0.0
3551,0.0
3552,1.0
3553,1.0
3554,0.0
3555,2.0
3556,0.0
3557,1.0
3558,0.0
3559,0.0
3560,1.0
3561,0.0
3562,2.0
3563,1.0
3564,2.0
3565,0.0
3566,0.0
3567,1.0
3568,1.0
3569,0.0
3570,2.0
3571,1.0
3572,2.0
3573,2.0
3574,0.0
3575,0.0
3576,2.0
3577,2.0
3578,0.0
3579,2.0
3580,1.0
3581,2.0
3582,0.0
3583,1.0
3584,2.0
3585,1.0
3586,0.0
3587,0.0
3588,0.0
3589,0.0
3590,0.0
3591,1.0
3592,0.0
3593,0.0
3594,2.0
3595,1.0
3596,0.0
3597,0.0
3598,2.0
3599,0.0
3600,0.0
3601,1.0
3602,0.0
3603,2.0
3604,1.0
3605,1.0
3606,1.0
3607,0.0
3608,2.0
3609,0.0
3610,1.0
3611,0.0
3612,2.0
3613,0.0
3614,2.0
3615,0.0
3616,0.0
3617,2.0
3618,0.0
3619,1.0
3620,2.0
3621,0.0
3622,2.0
3623,2.0
3624,1.0
3625,2.0
3626,0.0
3627,2.0
3628,2.0
3629,1.0
3630,0.0
3631,0.0
3632,2.0
3633,1.0
3634,2.0
3635,0.0
3636,0.0
3637,1.0
3638,1.0
3639,2.0
3640,2.0
3641,1.0
3642,0.0
3643,0.0
3644,2.0
3645,0.0
3646,0.0
3647,0.0
3648,0.0
3649,2.0
3650,1.0
3651,2.0
3652,1.0
3653,2.0
3654,2.0
3655,1.0
3656,2.0
3657,0.0
3658,0.0
3659,0.0
3660,2.0
3661,2.0
3662,2.0
3663,1.0
3664,2.0
3665,2.0
3666,0.0
3667,1.0
3668,2.0
3669,0.0
3670,1.0
3671,2.0
3672,0.0
3673,2.0
3674,0.0
3675,2.0
3676,1.0
3677,1.0
3678,0.0
3679,2.0
3680,0.0
3681,2.0
3682,0.0
3683,0.0
3684,0.0
3685,1.0
3686,1.0
3687,0.0
3688,1.0
3689,1.0
3690,0.0
3691,2.0
3692,1.0
3693,0.0
3694,0.0
3695,1.0
3696,0.0
3697,1.0
3698,1.0
3699,2.0
3700,2.0
3701,1.0
3702,1.0
3703,1.0
3704,0.0
3705,0.0
3706,0.0
3707,0.0
3708,2.0
3709,2.0
3710,1.0
3711,1.0
3712,0.0
3713,0.0
3714,2.0
3715,2.0
3716,0.0
3717,0.0
3718,1.0
3719,1.0
3720,1.0
3721,2.0
3722,0.0
3723,1.0
3724,2.0
3725,0.0
3726,0.0
3727,2.0
3728,2.0
3729,2.0
3730,0.0
3731,0.0
3732,1.0
3733,1.0
3734,0.0
3735,0.0
3736,1.0
3737,1.0
3738,0.0
3739,2.0
3740,1.0
3741,0.0
3742,0.0
3743,2.0
3744,1.0
3745,2.0
3746,0.0
3747,0.0
3748,0.0
3749,0.0
3750,0.0
3751,2.0
3752,2.0
3753,1.0
3754,1.0
3755,2.0
3756,0.0
3757,2.0
3758,1.0
3759,1.0
3760,2.0
3761,1.0
3762,0.0
3763,1.0
3764,2.0
3765,1.0
3766,0.0
3767,0.0
3768,1.0
3769,2.0
3770,0.0
3771,0.0
3772,1.0
3773,2.0
3774,2.0
3775,0.0
3776,0.0
3777,2.0
3778,1.0
3779,2.0
3780,2.0
3781,0.0
3782,1.0
3783,1.0
3784,2.0
3785,2.0
3786,2.0
3787,2.0
3788,1.0
3789,2.0
3790,0.0
3791,0.0
3792,2.0
3793,1.0
3794,0.0
3795,1.0
3796,0.0
3797,0.0
3798,1.0
3799,0.0
3800,2.0
3801,2.0
3802,1.0
3803,0.0
3804,2.0
3805,0.0
3806,0.0
3807,2.0
3808,1.0
3809,0.0
3810,0.0
3811,2.0
3812,1.0
3813,0.0
3814,0.0
3815,0.0
3816,2.0
3817,1.0
3818,0.0
3819,1.0
3820,0.0
3821,1.0
3822,1.0
3823,2.0
3824,0.0
3825,2.0
3826,1.0
3827,1.0
3828,1.0
3829,0.0
3830,1.0
3831,2.0
3832,1.0
3833,0.0
3834,0.0
3835,0.0
3836,1.0
3837,0.0
3838,1.0
3839,0.0
3840,0.0
3841,1.0
3842,1.0
3843,0.0
3844,0.0
3845,2.0
3846,0.0
3847,1.0
3848,2.0
3849,0.0
3850,0.0
3851,0.0
3852,0.0
3853,1.0
3854,0.0
3855,0.0
3856,1.0
3857,1.0
3858,1.0
3859,0.0
3860,1.0
3861,0.0
3862,0.0
3863,2.0
3864,1.0
3865,1.0
3866,0.0
3867,0.0
3868,1.0
3869,1.0
3870,0.0
3871,1.0
3872,1.0
3873,2.0
3874,1.0
3875,2.0
3876,1.0
3877,2.0
3878,0.0
3879,1.0
3880,2.0
3881,2.0
3882,1.0
3883,0.0
3884,2.0
3885,1.0
3886,1.0
3887,0.0
3888,1.0
3889,2.0
3890,2.0
3891,1.0
3892,0.0
3893,1.0
3894,2.0
3895,0.0
3896,2.0
3897,0.0
3898,1.0
3899,1.0
3900,1.0
3901,1.0
3902,0.0
3903,1.0
3904,0.0
3905,1.0
3906,0.0
3907,2.0
3908,1.0
3909,0.0
3910,1.0
3911,1.0
3912,0.0
3913,1.0
3914,2.0
3915,0.0
3916,1.0
3917,1.0
3918,0.0
3919,1.0
3920,1.0
3921,0.0
3922,0.0
3923,2.0
3924,1.0
3925,2.0
3926,0.0
3927,1.0
3928,0.0
3929,2.0
3930,0.0
3931,2.0
3932,1.0
3933,1.0
3934,1.0
3935,2.0
3936,2.0
3937,0.0
3938,2.0
3939,2.0
3940,1.0
3941,2.0
3942,1.0
3943,1.0
3944,0.0
3945,0.0
3946,0.0
3947,2.0
3948,0.0
3949,1.0
3950,1.0
3951,1.0
3952,0.0
3953,2.0
3954,0.0
3955,0.0
3956,1.0
3957,1.0
3958,1.0
3959,0.0
3960,0.0
3961,0.0
3962,0.0
3963,0.0
3964,1.0
3965,2.0
3966,0.0
3967,0.0
3968,1.0
3969,0.0
3970,1.0
3971,0.0
3972,0.0
3973,1.0
3974,2.0
3975,2.0
3976,1.0
3977,1.0
3978,2.0
3979,1.0
3980,0.0
3981,0.0
3982,0.0
3983,2.0
3984,1.0
3985,1.0
3986,2.0
3987,2.0
3988,1.0
3989,1.0
3990,0.0
3991,2.0
3992,1.0
3993,1.0
3994,2.0
3995,0.0
3996,2.0
3997,1.0
3998,2.0
3999,0.0
4000,0.0
4001,2.0
4002,0.0
4003,1.0
4004,0.0
4005,0.0
4006,0.0
4007,0.0
4008,1.0
4009,0.0
4010,2.0
4011,0.0
4012,2.0
4013,2.0
4014,1.0
4015,2.0
4016,1.0
4017,1.0
4018,2.0
4019,0.0
4020,1.0
4021,1.0
4022,2.0
4023,1.0
4024,2.0
4025,0.0
4026,2.0
4027,1.0
4028,0.0
4029,0.0
4030,1.0
4031,0.0
4032,0.0
4033,0.0
4034,0.0
4035,1.0
4036,2.0
4037,0.0
4038,2.0
4039,0.0
4040,2.0
4041,2.0
4042,2.0
4043,1.0
4044,2.0
4045,0.0
4046,2.0
4047,1.0
4048,2.0
4049,0.0
4050,1.0
4051,1.0
4052,1.0
4053,0.0
4054,0.0
4055,0.0
4056,1.0
4057,2.0
4058,2.0
4059,2.0
4060,0.0
4061,1.0
4062,1.0
4063,2.0
4064,1.0
4065,1.0
4066,2.0
4067,0.0
4068,2.0
4069,2.0
4070,0.0
4071,1.0
4072,2.0
4073,0.0
4074,0.0
4075,0.0
4076,0.0
4077,0.0
4078,0.0
4079,1.0
4080,2.0
4081,1.0
4082,0.0
4083,2.0
4084,0.0
4085,2.0
4086,0.0
4087,2.0
4088,1.0
4089,1.0
4090,1.0
4091,1.0
4092,2.0
4093,2.0
4094,1.0
4095,2.0
4096,2.0
4097,0.0
4098,0.0
4099,2.0
4100,2.0
4101,1.0
4102,1.0
4103,0.0
4104,1.0
4105,1.0
4106,2.0
4107,0.0
4108,0.0
4109,0.0
4110,2.0
4111,2.0
4112,2.0
4113,2.0
4114,1.0
4115,0.0
4116,2.0
4117,0.0
4118,0.0
4119,0.0
4120,1.0
4121,0.0
4122,1.0
4123,0.0
4124,2.0
4125,0.0
4126,1.0
4127,0.0
4128,2.0
4129,0.0
4130,1.0
4131,2.0
4132,2.0
4133,1.0
4134,2.0
4135,1.0
4136,2.0
4137,0.0
4138,1.0
4139,1.0
4140,0.0
4141,1.0
4142,0.0
4143,2.0
4144,1.0
4145,1.0
4146,0.0
4147,0.0
4148,0.0
4149,1.0
4150,2.0
4151,0.0
4152,2.0
4153,0.0
4154,0.0
4155,0.0
4156,1.0
4157,0.0
4158,0.0
4159,0.0
4160,1.0
4161,1.0
4162,1.0
4163,2.0
4164,0.0
4165,2.0
4166,0.0
4167,2.0
4168,2.0
4169,0.0
4170,1.0
4171,2.0
4172,2.0
4173,2.0
4174,0.0
4175,1.0
4176,1.0
4177,1.0
4178,1.0
4179,0.0
4180,0.0
4181,2.0
4182,1.0
4183,0.0
4184,2.0
4185,0.0
4186,1.0
4187,1.0
4188,2.0
4189,1.0
4190,0.0
4191,2.0
4192,2.0
4193,0.0
4194,2.0
4195,1.0
4196,0.0
4197,2.0
4198,1.0
4199,2.0
4200,0.0
4201,2.0
4202,2.0
4203,1.0
4204,2.0
4205,2.0
4206,2.0
4207,2.0
4208,0.0
4209,0.0
4210,2.0
4211,2.0
4212,1.0
4213,0.0
4214,0.0
4215,0.0
4216,1.0
4217,0.0
4218,0.0
4219,2.0
4220,0.0
4221,0.0
4222,1.0
4223,2.0
4224,1.0
4225,0.0
4226,0.0
4227,1.0
4228,0.0
4229,1.0
4230,2.0
4231,2.0
4232,2.0
4233,0.0
4234,0.0
4235,0.0
4236,0.0
4237,1.0
4238,2.0
4239,2.0
4240,2.0
4241,2.0
4242,1.0
4243,2.0
4244,1.0
4245,2.0
4246,0.0
4247,2.0
4248,0.0
4249,2.0
4250,1.0
4251,0.0
4252,2.0
4253,0.0
4254,0.0
4255,0.0
4256,2.0
4257,2.0
4258,1.0
4259,0.0
4260,1.0
4261,0.0
4262,2.0
4263,0.0
4264,0.0
4265,2.0
4266,0.0
4267,2.0
4268,0.0
4269,0.0
4270,0.0
4271,2.0
4272,0.0
4273,2.0
4274,2.0
4275,2.0
4276,2.0
4277,0.0
4278,0.0
4279,2.0
4280,2.0
4281,2.0
4282,1.0
4283,1.0
4284,0.0
4285,0.0
4286,2.0
4287,2.0
4288,0.0
4289,1.0
4290,2.0
4291,1.0
4292,1.0
4293,2.0
4294,2.0
4295,0.0
4296,0.0
4297,0.0
4298,0.0
4299,2.0
4300,1.0
4301,0.0
4302,0.0
4303,2.0
4304,1.0
4305,2.0
4306,2.0
4307,0.0
4308,1.0
4309,0.0
4310,1.0
4311,2.0
4312,1.0
4313,2.0
4314,2.0
4315,0.0
4316,2.0
4317,2.0
4318,0.0
4319,1.0
4320,1.0
4321,0.0
4322,0.0
4323,2.0
4324,1.0
4325,1.0
4326,2.0
4327,2.0
4328,1.0
4329,1.0
4330,0.0
4331,1.0
4332,1.0
4333,0.0
4334,0.0
4335,1.0
4336,1.0
4337,2.0
4338,2.0
4339,0.0
4340,2.0
4341,1.0
4342,2.0
4343,1.0
4344,1.0
4345,0.0
4346,0.0
4347,0.0
4348,1.0
4349,2.0
4350,2.0
4351,0.0
4352,1.0
4353,0.0
4354,2.0
4355,2.0
4356,1.0
4357,1.0
4358,0.0
4359,0.0
4360,1.0
4361,0.0
4362,0.0
4363,0.0
4364,2.0
4365,2.0
4366,1.0
4367,0.0
4368,2.0
4369,2.0
4370,1.0
4371,0.0
4372,0.0
4373,2.0
4374,0.0
4375,0.0
4376,0.0
4377,1.0
4378,0.0
4379,0.0
4380,0.0
4381,2.0
4382,0.0
4383,1.0
4384,0.0
4385,1.0
4386,2.0
4387,1.0
4388,0.0
4389,0.0
4390,0.0
4391,1.0
4392,2.0
4393,0.0
4394,0.0
4395,2.0
4396,2.0
4397,0.0
4398,2.0
4399,0.0
4400,2.0
4401,2.0
4402,0.0
4403,1.0
4404,2.0
4405,1.0
4406,0.0
4407,1.0
4408,2.0
4409,0.0
4410,0.0
4411,2.0
4412,2.0
4413,0.0
4414,2.0
4415,2.0
4416,1.0
4417,1.0
4418,0.0
4419,1.0
4420,1.0
4421,2.0
4422,1.0
4423,0.0
4424,2.0
4425,0.0
4426,0.0
4427,0.0
4428,1.0
4429,0.0
4430,0.0
4431,0.0
4432,0.0
4433,1.0
4434,0.0
4435,2.0
4436,2.0
4437,1.0
4438,2.0
4439,0.0
4440,2.0
4441,0.0
4442,1.0
4443,2.0
4444,0.0
4445,1.0
4446,0.0
4447,1.0
4448,1.0
4449,2.0
4450,0.0
4451,1.0
4452,2.0
4453,0.0
4454,2.0
4455,0.0
4456,0.0
4457,2.0
4458,2.0
4459,1.0
4460,2.0
4461,1.0
4462,2.0
4463,0.0
4464,0.0
4465,1.0
4466,2.0
4467,0.0
4468,1.0
4469,1.0
4470,0.0
4471,0.0
4472,2.0
4473,0.0
4474,1.0
4475,2.0
4476,1.0
4477,1.0
4478,2.0
4479,0.0
4480,1.0
4481,0.0
4482,0.0
4483,0.0
4484,2.0
4485,1.0
4486,1.0
4487,1.0
4488,2.0
4489,2.0
4490,0.0
4491,0.0
4492,1.0
4493,1.0
4494,0.0
4495,2.0
4496,1.0
4497,1.0
4498,0.0
4499,0.0
4500,2.0
4501,0.0
4502,2.0
4503,1.0
4504,1.0
4505,1.0
4506,2.0
4507,2.0
4508,0.0
4509,2.0
4510,2.0
4511,1.0
4512,2.0
4513,2.0
4514,2.0
4515,1.0
4516,0.0
4517,2.0
4518,0.0
4519,0.0
4520,0.0
4521,2.0
4522,0.0
4523,1.0
4524,1.0
4525,0.0
4526,0.0
4527,1.0
4528,1.0
4529,2.0
4530,2.0
4531,1.0
4532,1.0
4533,2.0
4534,2.0
4535,2.0
4536,2.0
4537,2.0
4538,1.0
4539,2.0
4540,1.0
4541,1.0
4542,2.0
4543,0.0
4544,2.0
4545,0.0
4546,2.0
4547,2.0
4548,1.0
4549,1.0
4550,1.0
4551,0.0
4552,2.0
4553,1.0
4554,1.0
4555,2.0
4556,2.0
4557,0.0
4558,2.0
4559,1.0
4560,0.0
4561,0.0
4562,0.0
4563,0.0
4564,1.0
4565,0.0
4566,1.0
4567,1.0
4568,0.0
4569,0.0
4570,0.0
4571,0.0
4572,1.0
4573,2.0
4574,2.0
4575,1.0
4576,0.0
4577,1.0
4578,1.0
4579,2.0
4580,1.0
4581,0.0
4582,0.0
4583,0.0
4584,1.0
4585,1.0
4586,1.0
4587,1.0
4588,1.0
4589,0.0
4590,1.0
4591,2.0
4592,2.0
4593,0.0
4594,2.0
4595,1.0
4596,1.0
4597,1.0
4598,2.0
4599,1.0
4600,1.0
4601,0.0
4602,2.0
4603,1.0
4604,1.0
4605,0.0
4606,0.0
4607,2.0
4608,1.0
4609,1.0
4610,2.0
4611,0.0
4612,1.0
4613,2.0
4614,2.0
4615,1.0
4616,1.0
4617,2.0
4618,1.0
4619,2.0
4620,0.0
4621,1.0
4622,2.0
4623,1.0
4624,2.0
4625,2.0
4626,0.0
4627,1.0
4628,2.0
4629,0.0
4630,2.0
4631,0.0
4632,1.0
4633,0.0
4634,1.0
4635,2.0
4636,2.0
4637,1.0
4638,1.0
4639,2.0
4640,2.0
4641,0.0
4642,0.0
4643,2.0
4644,2.0
4645,2.0
4646,2.0
4647,0.0
4648,0.0
4649,2.0
4650,2.0
4651,2.0
4652,0.0
4653,0.0
4654,0.0
4655,1.0
4656,0.0
4657,2.0
4658,2.0
4659,1.0
4660,1.0
4661,0.0
4662,1.0
4663,0.0
4664,0.0
4665,0.0
4666,1.0
4667,0.0
4668,0.0
4669,1.0
4670,0.0
4671,1.0
4672,0.0
4673,1.0
4674,2.0
4675,0.0
4676,1.0
4677,0.0
4678,2.0
4679,1.0
4680,2.0
4681,1.0
4682,2.0
4683,2.0
4684,1.0
4685,2.0
4686,2.0
4687,1.0
4688,2.0
4689,1.0
4690,1.0
4691,0.0
4692,1.0
4693,2.0
4694,2.0
4695,0.0
4696,2.0
4697,2.0
4698,1.0
4699,2.0
4700,0.0
4701,1.0
4702,0.0
4703,0.0
4704,0.0
4705,2.0
4706,0.0
4707,0.0
4708,0.0
4709,0.0
4710,2.0
4711,2.0
4712,0.0
4713,0.0
4714,0.0
4715,2.0
4716,2.0
4717,1.0
4718,1.0
4719,0.0
4720,2.0
4721,2.0
4722,2.0
4723,1.0
4724,0.0
4725,0.0
4726,1.0
4727,0.0
4728,0.0
4729,1.0
4730,0.0
4731,1.0
4732,2.0
4733,1.0
4734,0.0
4735,0.0
4736,2.0
4737,0.0
4738,0.0
4739,0.0
4740,0.0
4741,1.0
4742,2.0
4743,2.0
4744,0.0
4745,1.0
4746,0.0
4747,0.0
4748,2.0
4749,2.0
4750,1.0
4751,1.0
4752,2.0
4753,0.0
4754,0.0
4755,1.0
4756,0.0
4757,2.0
4758,2.0
4759,2.0
4760,0.0
4761,0.0
4762,0.0
4763,2.0
4764,2.0
4765,1.0
4766,2.0
4767,2.0
4768,0.0
4769,1.0
4770,0.0
4771,1.0
4772,1.0
4773,1.0
4774,1.0
4775,1.0
4776,2.0
4777,2.0
4778,1.0
4779,2.0
4780,1.0
4781,2.0
4782,1.0
4783,1.0
4784,0.0
4785,1.0
4786,1.0
4787,0.0
4788,0.0
4789,2.0
4790,0.0
4791,0.0
4792,1.0
4793,2.0
4794,0.0
4795,1.0
4796,0.0
4797,0.0
4798,0.0
4799,1.0
4800,2.0
4801,0.0
4802,0.0
4803,1.0
4804,2.0
4805,2.0
4806,1.0
4807,2.0
4808,0.0
4809,0.0
4810,0.0
4811,2.0
4812,0.0
4813,2.0
4814,2.0
4815,1.0
4816,1.0
4817,1.0
4818,1.0
4819,0.0
4820,1.0
4821,2.0
4822,1.0
4823,0.0
4824,2.0
4825,0.0
4826,0.0
4827,1.0
4828,0.0
4829,1.0
4830,2.0
4831,0.0
4832,1.0
4833,2.0
4834,1.0
4835,0.0
4836,2.0
4837,2.0
4838,0.0
4839,0.0
4840,1.0
4841,1.0
4842,0.0
4843,2.0
4844,0.0
4845,2.0
4846,2.0
4847,0.0
4848,2.0
4849,1.0
4850,0.0
4851,1.0
4852,0.0
4853,0.0
4854,2.0
4855,2.0
4856,0.0
4857,0.0
4858,1.0
4859,1.0
4860,1.0
4861,2.0
4862,1.0
4863,0.0
4864,1.0
4865,0.0
4866,0.0
4867,2.0
4868,1.0
4869,0.0
4870,2.0
4871,0.0
4872,2.0
4873,0.0
4874,2.0
4875,0.0
4876,0.0
4877,1.0
4878,1.0
4879,1.0
4880,0.0
4881,0.0
4882,0.0
4883,0.0
4884,1.0
4885,1.0
4886,1.0
4887,0.0
4888,0.0
4889,1.0
4890,1.0
4891,2.0
4892,0.0
4893,0.0
4894,2.0
4895,2.0
4896,2.0
4897,2.0
4898,0.0
4899,0.0
4900,0.0
4901,2.0
4902,2.0
4903,0.0
4904,2.0
4905,2.0
4906,2.0
4907,2.0
4908,0.0
4909,2.0
4910,0.0
4911,1.0
4912,1.0
4913,1.0
4914,1.0
4915,2.0
4916,2.0
4917,1.0
4918,0.0
4919,2.0
4920,1.0
4921,0.0
4922,1.0
4923,2.0
4924,2.0
4925,1.0
4926,0.0
4927,0.0
4928,2.0
4929,2.0
4930,2.0
4931,2.0
4932,0.0
4933,0.0
4934,2.0
4935,1.0
4936,1.0
4937,0.0
4938,0.0
4939,1.0
4940,1.0
4941,0.0
4942,0.0
4943,0.0
4944,2.0
4945,2.0
4946,0.0
4947,2.0
4948,2.0
4949,0.0
4950,0.0
4951,2.0
4952,2.0
4953,0.0
4954,1.0
4955,0.0
4956,2.0
4957,1.0
4958,2.0
4959,0.0
4960,0.0
4961,0.0
4962,0.0
4963,1.0
4964,2.0
4965,1.0
4966,2.0
4967,2.0
4968,0.0
4969,1.0
4970,2.0
4971,0.0
4972,0.0
4973,1.0
4974,2.0
4975,0.0
4976,0.0
4977,1.0
4978,0.0
4979,2.0
4980,1.0
4981,1.0
4982,2.0
4983,2.0
4984,2.0
4985,2.0
4986,2.0
4987,0.0
4988,2.0
4989,1.0
4990,0.0
4991,2.0
4992,0.0
4993,2.0
4994,2.0
4995,1.0
4996,1.0
4997,1.0
4998,1.0
4999,1.0
